CREATE DATABASE QLTV 
GO
USE QLTV 

CREATE TABLE TAIKHOAN
(
	TenDangNhap NVARCHAR(10) NOT NULL,
	MatKhau NVARCHAR(10),
	Quyen NVARCHAR(10),
	PRIMARY KEY (TenDangNhap),
)
GO

CREATE TABLE LOAINHANVIEN
(
	MaLoaiNV NVARCHAR (10) NOT NULL,
	TenLoaiNV NVARCHAR(50),
	PRIMARY KEY (MaLoaiNV),
)
GO

CREATE TABLE NHANVIEN
(
	MaNV NVARCHAR(10) not null,
	SoDienThoai NVARCHAR(11),
	TenDangNhap NVARCHAR(10) NOT NULL,
	HoTen NVARCHAR(50),
	NgaySinh datetime,
	LoaiNV NVARCHAR(10),
	Anh Nvarchar(100),
	PRIMARY KEY (MaNV),
	CONSTRAINT FK_NHANVIEN_DANGNHAPNV FOREIGN KEY (TenDangNhap) REFERENCES TAIKHOAN(TenDangNhap),
	CONSTRAINT FK_NHANVIEN_LOAINHANVIEN FOREIGN KEY (LoaiNV) REFERENCES LOAINHANVIEN(MaLoaiNV)
)
GO

CREATE TABLE TAILIEU
(
	MaTaiLieu Nvarchar(10) NOT NULL,
	TenTaiLieu Nvarchar(50),
	TacGia Nvarchar(50),
	TongSo int,
	ConLai int,
	Gia int,
	Anh Nvarchar(100),
	PRIMARY KEY (MaTaiLieu)
)	
GO

CREATE TABLE DOCGIA
(
	MaDocGia Nvarchar(10) NOT NULL,
	HoTen Nvarchar(50),
	NgaySinh Date,
	DiaChi Nvarchar(50),
	Lop Nvarchar(11),
	Khoa Nvarchar(50),
	Email Nvarchar(50),
	Sdt Nvarchar(15),
	SoTLDaMuon int,
	PRIMARY KEY (MaDocGia),
)
GO

CREATE TABLE PHIEUMUON
(
	MaPhieuMuon nvarchar(10) not null,
	MaNV nvarchar(10) not null,
	MaDocGia nvarchar(10),
	TinhTrang nvarchar(15),
	NgayLapPhieuMuon Date,
	PRIMARY KEY (MaPhieuMuon),
	CONSTRAINT FK_PHIEUMUON_DOCGIA FOREIGN KEY (MaDocGia) REFERENCES DOCGIA (MaDocGia),
	CONSTRAINT FK_PHIEUMUON_NHANVIEN FOREIGN KEY (MaNV) REFERENCES NHANVIEN (MaNV)
)
GO

CREATE TABLE CHITIETPHIEUMUON	
(
	MaPhieu Nvarchar(10) NOT NULL,
	MaPhieuMuon Nvarchar(10) NOT NULL,
	MaDocGia Nvarchar(10),
	TenDocGia Nvarchar(50),
	MaTaiLieu Nvarchar(10),
	TenTaiLieu Nvarchar(50),
	SoLuongMuon Int,
	NgayMuon Date,
	HanTra Date,
	PRIMARY KEY (MaPhieu),
	CONSTRAINT FK_CHITIETPHIEUMUON_PHIEUMUON FOREIGN KEY (MaPhieuMuon) REFERENCES PHIEUMUON(MaPhieuMuon),
	CONSTRAINT FK_CHITIETPHIEUMUON_TAILIEU FOREIGN KEY (MaTaiLieu) REFERENCES TAILIEU(MaTaiLieu)
)	
GO

CREATE TABLE PHIEUTRA
(
	MaPhieuTra nvarchar(10) not null,
	MaPhieuMuon nvarchar(10) not null,
	MaDocGia nvarchar(10),
	NgayLapPhieuTra Date,
	MaNV nvarchar(10) not null,
	PRIMARY KEY (MaPhieuTra),
	CONSTRAINT FK_PHIEUTRA_PHIEUMUON FOREIGN KEY (MaPhieuMuon) REFERENCES PHIEUMUON(MaPhieuMuon),
	CONSTRAINT FK_PHIEUTRA_DOCGIA FOREIGN KEY (MaDocGia) REFERENCES DOCGIA (MaDocGia),
	CONSTRAINT FK_PHIEUTRA_NHANVIEN FOREIGN KEY (MaNV) REFERENCES NHANVIEN (MaNV)
)
GO

CREATE TABLE CHITIETPHIEUTRA
(
	MaPhieu Nvarchar(10) NOT NULL,
	MaPhieuTra Nvarchar(10) NOT NULL,
	MaPhieuMuon nvarchar(10) not null,
	MaDocGia Nvarchar(10),
	TenDocGia Nvarchar(50),
	MaTaiLieu Nvarchar(10),
	TenTaiLieu Nvarchar(50),
	SoLuongTra Int,
	NgayTra Date,
	PRIMARY KEY (MaPhieu),
	CONSTRAINT FK_CHITIETPHIEUTRA_PHIEUTRA FOREIGN KEY (MaPhieuTra) REFERENCES PHIEUTRA(MaPhieuTra)
)
GO

CREATE TABLE PHIEUPHAT
(
	MaPhieuPhat Nvarchar(10) NOT NULL,
	MaPhieuTra Nvarchar(10),
	MaDG Nvarchar(10),
	MaNV nvarchar(10) not null,
	NgayLapPhieu Date 
	PRIMARY KEY (MaPhieuPhat),	
	CONSTRAINT FK_PHIEUPHAT_PHIEUTRA FOREIGN KEY (MaPhieuTra) REFERENCES PHIEUTRA(MaPhieuTra),
	CONSTRAINT FK_PHIEUPHAT_DOCGIA FOREIGN KEY (MaDG) REFERENCES DOCGIA(MaDocGia),
	CONSTRAINT FK_PHIEUPHAT_NHANVIEN FOREIGN KEY (MaNV) REFERENCES NHANVIEN (MaNV)
)
GO

CREATE TABLE CHITIETPHIEUPHAT
(
	MaPhieu Nvarchar(10) NOT NULL,
	MaPhieuPhat Nvarchar(10) NOT NULL,
	MaPhieuTra Nvarchar(10),
	LyDo Nvarchar(50),
	SoLuong int,
	SoTienPhat Int,
	MaDocGia Nvarchar(10),
	TenDocGia Nvarchar(50),
	MaTaiLieu Nvarchar(10),
	TenTaiLieu Nvarchar(50),
	NgayLapPhieu Date 
	PRIMARY KEY (MaPhieu),	
	CONSTRAINT FK_CHITIETPHIEUPHAT_PHIEUPHAT FOREIGN KEY (MaPhieuPhat) REFERENCES PHIEUPHAT(MaPhieuPhat)
)
GO

--Tài khoản
INSERT INTO TAIKHOAN VALUES(N'TanTruong',N'456',N'AD');
INSERT INTO TAIKHOAN VALUES(N'LeTung',N'123',N'TT');
INSERT INTO TAIKHOAN VALUES(N'XuanTuan',N'123',N'TT');
INSERT INTO TAIKHOAN VALUES(N'PhuongUyen',N'123',N'TT');
SELECT * FROM TAIKHOAN

--Loại nhân viên
INSERT INTO LOAINHANVIEN VALUES(N'AD',N'Quản trị');
INSERT INTO LOAINHANVIEN VALUES(N'TT',N'Thủ thư');
SELECT * FROM LOAINHANVIEN

--Nhân viên
SET DATEFORMAT DMY
INSERT INTO NHANVIEN VALUES(N'NV01','0328467924',N'TanTruong',N'Lê Bùi Tấn Trưởng','28/01/2002',N'AD',N'..\\QuanLyThuVien_Nhom8\\src\\img\\truong.png');
INSERT INTO NHANVIEN VALUES(N'NV02','0328467924',N'LeTung',N'Huỳnh Thái Lê Tùng','28/02/2023',N'TT',N'..\\QuanLyThuVien_Nhom8\\src\\img\\tung.png')
INSERT INTO NHANVIEN VALUES(N'NV03','0328467924',N'PhuongUyen',N'Võ Nguyễn Phương Uyên','28/02/2023',N'TT',N'..\\QuanLyThuVien_Nhom8\\src\\img\\uyen.png');
INSERT INTO NHANVIEN VALUES(N'NV04','0328467924',N'XuanTuan',N'Đoàn Xuân Tuấn','03/01/2023',N'TT',N'..\\QuanLyThuVien_Nhom8\\src\\img\\tuan.png');
SELECT * FROM NHANVIEN

--Tài liệu
INSERT INTO TAILIEU VALUES(N'TL01',N'Clean Code - Mã Sạch',N'Robert Cecil Martin',99,20,386000,N'..\\QuanLyThuVien_Nhom8\\src\\img\\clean_code.jpg');
INSERT INTO TAILIEU VALUES(N'TL02',N'Hành Trang Lập Trình',N'Vũ Công Tấn Tài',25,10,179000,N'..\\QuanLyThuVien_Nhom8\\src\\img\\hanh_trang.jpg');
INSERT INTO TAILIEU VALUES(N'TL03',N'Hacker lược sử',N'Steven Levy',41,13,299000,N'..\\QuanLyThuVien_Nhom8\\src\\img\\hacker.jpg');
INSERT INTO TAILIEU VALUES(N'TL04',N'GHOST IN THE WIRES',N'Lôi Mễ',72,17,229000,N'..\\QuanLyThuVien_Nhom8\\src\\img\\ghost.jpg');
INSERT INTO TAILIEU VALUES(N'TL05',N'Đề thi đẫm máu',N'Lôi Mễ',10,3,210000,N'..\\QuanLyThuVien_Nhom8\\src\\img\\de_thi.jpg');
INSERT INTO TAILIEU VALUES(N'TL06',N'Tâm Lý Học Tội Phạm',N'Stanton E. Samenow',25,13,288000,N'..\\QuanLyThuVien_Nhom8\\src\\img\\tam_ly.jpg');
INSERT INTO TAILIEU VALUES(N'TL07',N'Tâm Thần Hay Kẻ Điên',N'Mục Qua',19,11,189000,N'..\\QuanLyThuVien_Nhom8\\src\\img\\tam_than.jpg');
INSERT INTO TAILIEU VALUES(N'TL08',N'Thiên Tài Bên Trái, Kẻ Điên Bên Phải',N'Cao Minh',33,11,179000,N'..\\QuanLyThuVien_Nhom8\\src\\img\\thien_tai.jpg');
INSERT INTO TAILIEU VALUES(N'TL09',N'Sói Đội Lốt Cừu',N'George K Simon',35,22,110000,N'..\\QuanLyThuVien_Nhom8\\src\\img\\soi.jpg');
INSERT INTO TAILIEU VALUES(N'TL10',N'Tâm Trí Tội Phạm',N'Same Kaean',36,13,249000,N'..\\QuanLyThuVien_Nhom8\\src\\img\\tam_tri.jpg');
SELECT * FROM TAILIEU

--Độc giả
SET DATEFORMAT DMY
INSERT INTO DOCGIA VALUES(N'DG01',N'Nguyễn Minh Anh','28/02/2002',N'TPHCM',N'11DHTH01',N'Công Nghệ Thông Tin',N'minhanh@gmail.com',N'0328467934',0);
INSERT INTO DOCGIA VALUES(N'DG02',N'Nguyễn Minh Tiến','23/04/2002',N'Long An',N'11DHTH01',N'Công Nghệ Thông Tin',N'tien@gmail.com',N'0902394835',0);
INSERT INTO DOCGIA VALUES(N'DG03',N'Nguyễn Tri Phương','11/02/2003',N'Đồng Nai',N'12DHTH02',N'Công Nghệ Thông Tin',N'phuong@gmail.com',N'0903724835',0);
INSERT INTO DOCGIA VALUES(N'DG04',N'Trần Tuyết','29/03/2004',N'Tây Ninh',N'13DHTH02',N'Công Nghệ Thông Tin',N'tuyet@gmail.com',N'0328429375',0);
INSERT INTO DOCGIA VALUES(N'DG05',N'Trần Phú','28/02/2002',N'TPHCM',N'11DHTH03',N'Công Nghệ Thông Tin',N'phu@gmail.com',N'0324868493',0);
INSERT INTO DOCGIA VALUES(N'DG06',N'Lê Trần','28/07/2002',N'TPHCM',N'11DHTH04',N'Công Nghệ Thông Tin',N'tran@gmail.com',N'0903857483',0);
INSERT INTO DOCGIA VALUES(N'DG07',N'Nguyễn Hoàng Phú','18/02/2002',N'Long An',N'11DHTH04',N'Công Nghệ Thông Tin',N'mphu@gmail.com',N'0703958476',0);
INSERT INTO DOCGIA VALUES(N'DG08',N'Đào Huy','28/03/2002',N'TPHCM',N'11DHTH05',N'Công Nghệ Thông Tin',N'huy@gmail.com',N'0704935786',0);
INSERT INTO DOCGIA VALUES(N'DG09',N'Nguyễn Công','11/09/2001',N'TPHCM',N'10DHTH11',N'Công Nghệ Thông Tin',N'cong@gmail.com',N'0328467395',0);
INSERT INTO DOCGIA VALUES(N'DG10',N'Nguyễn Huy','28/11/2002',N'Bình Thuận',N'11DHTH11',N'Công Nghệ Thông Tin',N'huy@gmail.com',N'0903284954',0);
SELECT * FROM DOCGIA

--Phiếu mượn
SET DATEFORMAT DMY
INSERT INTO PHIEUMUON VALUES(N'PM01',N'NV01',N'DG06',N'Đang Trả','03/01/2023');
INSERT INTO PHIEUMUON VALUES(N'PM02',N'NV02',N'DG01',N'Đang Trả','03/01/2023');
INSERT INTO PHIEUMUON VALUES(N'PM03',N'NV03',N'DG07',N'Đang Trả','03/01/2023');
INSERT INTO PHIEUMUON VALUES(N'PM04',N'NV04',N'DG04',N'Đang Trả','10/01/2023');
INSERT INTO PHIEUMUON VALUES(N'PM05',N'NV03',N'DG10',N'Đang Trả','10/01/2023');
INSERT INTO PHIEUMUON VALUES(N'PM06',N'NV04',N'DG03',N'Đang Trả','13/01/2023');
INSERT INTO PHIEUMUON VALUES(N'PM07',N'NV02',N'DG09',N'Đang Trả','13/01/2023');
INSERT INTO PHIEUMUON VALUES(N'PM08',N'NV03',N'DG05',N'Đang Trả','13/01/2023');
INSERT INTO PHIEUMUON VALUES(N'PM09',N'NV02',N'DG02',N'Đang Trả','23/01/2023');
INSERT INTO PHIEUMUON VALUES(N'PM10',N'NV04',N'DG08',N'Đang Trả','23/01/2023');
INSERT INTO PHIEUMUON VALUES(N'PM11',N'NV02',N'DG03',N'Đang Trả','23/04/2023');
SELECT * FROM PHIEUMUON

--CHI TIẾT PHIẾU MƯỢN
SET DATEFORMAT DMY
INSERT INTO CHITIETPHIEUMUON VALUES(N'CT01',N'PM01',N'DG06',N'Lê Trần',N'TL09',N'Sói Đội Lốt Cừu',2,'03/01/2023','10/01/2023');
INSERT INTO CHITIETPHIEUMUON VALUES(N'CT02',N'PM02',N'DG01',N'Nguyễn Minh Anh',N'TL10',N'Tâm Trí Tội Phạm',3,'03/01/2023','10/01/2023');
INSERT INTO CHITIETPHIEUMUON VALUES(N'CT03',N'PM03',N'DG07',N'Nguyễn Hoàng Phú',N'TL01',N'Clean Code - Mã Sạch',1,'03/01/2023','10/01/2023');
INSERT INTO CHITIETPHIEUMUON VALUES(N'CT04',N'PM04',N'DG04',N'Trần Tuyết',N'TL07',N'Tâm Thần Hay Kẻ Điên',3,'10/01/2023','17/01/2023');
INSERT INTO CHITIETPHIEUMUON VALUES(N'CT05',N'PM05',N'DG10',N'Nguyễn Huy',N'TL03',N'Hacker lược sử',2,'10/01/2023','17/01/2023');
INSERT INTO CHITIETPHIEUMUON VALUES(N'CT06',N'PM06',N'DG03',N'Nguyễn Tri Phương',N'TL02',N'Hành Trang Lập Trình',1,'13/01/2023','20/01/2023');
INSERT INTO CHITIETPHIEUMUON VALUES(N'CT07',N'PM07',N'DG09',N'Nguyễn Công',N'TL06',N'Tâm Lý Học Tội Phạm',1,'13/01/2023','20/01/2023');
INSERT INTO CHITIETPHIEUMUON VALUES(N'CT08',N'PM08',N'DG05',N'Trần Phú',N'TL05',N'Đề thi đẫm máu',3,'13/01/2023','20/01/2023');
INSERT INTO CHITIETPHIEUMUON VALUES(N'CT09',N'PM09',N'DG02',N'Nguyễn Minh Tiến',N'TL09',N'Sói Đội Lốt Cừu',1,'23/01/2023','30/01/2023');
INSERT INTO CHITIETPHIEUMUON VALUES(N'CT10',N'PM10',N'DG08',N'Đào Huy',N'TL04',N'GHOST IN THE WIRES',2,'23/01/2023','30/01/2023');
INSERT INTO CHITIETPHIEUMUON VALUES(N'CT11',N'PM11',N'DG03',N'Đào Huy',N'TL04',N'GHOST IN THE WIRES',2,'23/04/2023','30/04/2023');
SELECT * FROM CHITIETPHIEUMUON

--PHIẾU TRẢ
SET DATEFORMAT DMY
INSERT INTO PHIEUTRA VALUES(N'PT01',N'PM01',N'DG06','12/01/2023',N'NV01');
INSERT INTO PHIEUTRA VALUES(N'PT02',N'PM02',N'DG01','14/01/2023',N'NV02');
INSERT INTO PHIEUTRA VALUES(N'PT03',N'PM03',N'DG07','13/01/2023',N'NV03');
INSERT INTO PHIEUTRA VALUES(N'PT04',N'PM04',N'DG04','15/01/2023',N'NV04');
INSERT INTO PHIEUTRA VALUES(N'PT05',N'PM05',N'DG10','13/01/2023',N'NV02');
INSERT INTO PHIEUTRA VALUES(N'PT06',N'PM06',N'DG03','18/01/2023',N'NV03');
INSERT INTO PHIEUTRA VALUES(N'PT07',N'PM07',N'DG09','16/01/2023',N'NV04');
INSERT INTO PHIEUTRA VALUES(N'PT08',N'PM08',N'DG05','15/01/2023',N'NV03');
INSERT INTO PHIEUTRA VALUES(N'PT09',N'PM09',N'DG02','29/01/2023',N'NV04');
INSERT INTO PHIEUTRA VALUES(N'PT10',N'PM10',N'DG08','30/01/2023',N'NV01');
SELECT * FROM PHIEUTRA

--CHI TIẾT PHIẾU TRẢ
SET DATEFORMAT DMY
INSERT INTO CHITIETPHIEUTRA VALUES(N'CT01',N'PT01',N'PM01',N'DG06',N'Lê Trần',N'TL09',N'Sói Đội Lốt Cừu',2,'12/01/2023');
INSERT INTO CHITIETPHIEUTRA VALUES(N'CT02',N'PT02',N'PM02',N'DG01',N'Nguyễn Minh Anh',N'TL10',N'Tâm Trí Tội Phạm',3,'14/01/2023');
INSERT INTO CHITIETPHIEUTRA VALUES(N'CT03',N'PT03',N'PM03',N'DG07',N'Nguyễn Hoàng Phú',N'TL01',N'Clean Code - Mã Sạch',1,'13/01/2023');
INSERT INTO CHITIETPHIEUTRA VALUES(N'CT04',N'PT04',N'PM04',N'DG04',N'Trần Tuyết',N'TL07',N'Tâm Thần Hay Kẻ Điên',3,'15/01/2023');
INSERT INTO CHITIETPHIEUTRA VALUES(N'CT05',N'PT05',N'PM05',N'DG10',N'Nguyễn Huy',N'TL03',N'Hacker lược sử',2,'13/01/2023');
INSERT INTO CHITIETPHIEUTRA VALUES(N'CT06',N'PT06',N'PM06',N'DG03',N'Nguyễn Tri Phương',N'TL02',N'Hành Trang Lập Trình',1,'18/01/2023');
INSERT INTO CHITIETPHIEUTRA VALUES(N'CT07',N'PT07',N'PM07',N'DG09',N'Nguyễn Công',N'TL06',N'Tâm Lý Học Tội Phạm',1,'16/01/2023');
INSERT INTO CHITIETPHIEUTRA VALUES(N'CT08',N'PT08',N'PM08',N'DG05',N'Trần Phú',N'TL05',N'Đề thi đẫm máu',3,'15/01/2023');
INSERT INTO CHITIETPHIEUTRA VALUES(N'CT09',N'PT09',N'PM09',N'DG02',N'Nguyễn Minh Tiến',N'TL09',N'Sói Đội Lốt Cừu',1,'29/01/2023');
INSERT INTO CHITIETPHIEUTRA VALUES(N'CT10',N'PT10',N'PM10',N'DG08',N'Đào Huy',N'TL04',N'GHOST IN THE WIRES',2,'30/01/2023');
SELECT * FROM CHITIETPHIEUTRA

--PHIẾU PHẠT
SET DATEFORMAT DMY
INSERT INTO PHIEUPHAT VALUES(N'PP01',N'PT01',N'DG06',N'NV01','12/01/2023');
INSERT INTO PHIEUPHAT VALUES(N'PP02',N'PT03',N'DG07',N'NV03','13/01/2023');
INSERT INTO PHIEUPHAT VALUES(N'PP03',N'PT05',N'DG10',N'NV02','13/01/2023');
INSERT INTO PHIEUPHAT VALUES(N'PP04',N'PT02',N'DG01',N'NV02','14/01/2023');
INSERT INTO PHIEUPHAT VALUES(N'PP05',N'PT08',N'DG05',N'NV03','15/01/2023');
SELECT * FROM PHIEUPHAT

--CHI TIẾT PHIẾU PHẠT
INSERT INTO CHITIETPHIEUPHAT VALUES(N'CT01',N'PP01',N'PT01',N'Quá Hạn',2,20000,N'DG06',N'Lê Trần',N'TL09',N'Sói Đội Lốt Cừu','12/01/2023');
INSERT INTO CHITIETPHIEUPHAT VALUES(N'CT02',N'PP02',N'PT03',N'Quá Hạn',3,30000,N'DG07',N'Nguyễn Hoàng Phú',N'TL01',N'Clean Code - Mã Sạch','13/01/2023');
INSERT INTO CHITIETPHIEUPHAT VALUES(N'CT03',N'PP03',N'PT05',N'Hư Hỏng',1,299000,N'DG10',N'Nguyễn Huy',N'TL03',N'Hacker lược sử','13/01/2023');
INSERT INTO CHITIETPHIEUPHAT VALUES(N'CT04',N'PP04',N'PT02',N'Quá Hạn',4,40000,N'DG01',N'Nguyễn Minh Anh',N'TL10',N'Tâm Trí Tội Phạm','14/01/2023');
INSERT INTO CHITIETPHIEUPHAT VALUES(N'CT05',N'PP05',N'PT08',N'Hư Hỏng',1,210000,N'DG05',N'Trần Phú',N'TL05',N'Đề thi đẫm máu','15/01/2023');
SELECT * FROM CHITIETPHIEUPHAT

SELECT dbo.PHIEUMUON.*, dbo.CHITIETPHIEUMUON.MaPhieu FROM dbo.CHITIETPHIEUMUON INNER JOIN dbo.PHIEUMUON ON dbo.CHITIETPHIEUMUON.MaPhieuMuon = dbo.PHIEUMUON.MaPhieuMuon WHERE dbo.CHITIETPHIEUMUON.MaPhieuMuon = 'PM02'
SELECT dbo.PHIEUMUON.*, dbo.CHITIETPHIEUMUON.MaPhieu FROM dbo.CHITIETPHIEUMUON INNER JOIN dbo.PHIEUMUON ON dbo.CHITIETPHIEUMUON.MaPhieuMuon = dbo.PHIEUMUON.MaPhieuMuon WHERE dbo.PHIEUMUON.MaDocGia LIKE 'DG%'